K-means,FCM,FLICM,DFC,
0.754563,0.765811,0.776258,0.786873,
0.775872,0.783973,0.798607,0.807928,
0.795497,0.807976,0.811996,0.838817,
0.811583,0.838602,0.842902,0.860149,
