K-means,FCM,FLICM,DFC,
0.704990,0.726443,0.741885,0.747534,
0.756274,0.768775,0.778719,0.784346,
0.795019,0.802262,0.805113,0.813394,
0.814736,0.828520,0.842651,0.868024,
