K-means,FCM,FLICM,DFC,
0.730883,0.731630,0.751929,0.762725,
0.774235,0.790502,0.799482,0.803287,
0.803441,0.809836,0.814148,0.817015,
0.824740,0.847318,0.860472,0.875871,
