K-means,FCM,FLICM,DFC,
0.707755,0.708699,0.731691,0.744937,
0.767830,0.810250,0.814776,0.816397,
0.820360,0.820535,0.843149,0.848522,
0.854657,0.858658,0.860053,0.863225,
