K-means,FCM,FLICM,DFC,
0.762872,0.763199,0.775023,0.778024,
0.793741,0.799733,0.802789,0.808348,
0.811495,0.813781,0.815390,0.825416,
0.825959,0.829401,0.833036,0.843959,
