K-means,FCM,FLICM,DFC,
0.715652,0.760447,0.765411,0.775199,
0.776060,0.777472,0.786599,0.791740,
0.794555,0.802783,0.805060,0.806658,
0.811247,0.823851,0.843932,0.855582,
