K-means,FCM,FLICM,DFC,
0.798237,0.801476,0.824829,0.853514,
0.840492,0.840541,0.846450,0.864736,
0.849879,0.856168,0.871774,0.898245,
0.858704,0.868816,0.889323,0.910338,
