K-means,FCM,FLICM,DFC,
0.751768,0.781702,0.794225,0.801878,
0.804058,0.810345,0.810972,0.811585,
0.814410,0.815533,0.816604,0.820848,
0.836113,0.841277,0.842144,0.842308,
