K-means,FCM,FLICM,DFC,
0.802425,0.811413,0.819941,0.848357,
0.831634,0.834532,0.836528,0.867481,
0.839985,0.852207,0.872707,0.894746,
0.865583,0.876275,0.889038,0.906358,
